"","method","time","cores","memory"
"1","callback",1.33377102216085,16,882.3
"2","sc-SHC",0.452735956509908,16,1182.6
"3","CHOIR",20.6674496054649,16,1546.3
