"","method","time","cores","memory"
"1","callback",1.3092076698939,16,882.3
"2","sc-SHC",0.44296993414561,16,1182.6
"3","CHOIR",16.958921221892,16,1546.3
