"","method","time","cores","memory"
"1","callback",1.38951174418132,16,882.3
"2","sc-SHC",0.463199778397878,16,1182.6
"3","CHOIR",17.9829448103905,16,1546.3
