"","method","time","cores","memory"
"1","callback",1.36763928731283,16,882.3
"2","sc-SHC",0.445381820201874,16,1183.3
"3","CHOIR",16.5383317192396,16,1545.5
