"","method","time","cores","memory"
"1","callback",1.15477722088496,16,882.3
"2","sc-SHC",0.399053927262624,16,1182.6
"3","CHOIR",17.8434594551722,16,1546.3
